timestamp,step,cost,type,description,input_tokens,output_tokens,model
2026-04-09 15:38:18,1,0.004773,llm_call,LLM turn 1 (tool_use),1116,95,claude-sonnet-4-20250514
2026-04-09 15:38:18,2,0.000000,tool,"bash: find . -type f -name ""*.php"" | head -20",0,0,
2026-04-09 15:38:20,3,0.005283,llm_call,LLM turn 2 (tool_use),1471,58,claude-sonnet-4-20250514
2026-04-09 15:38:20,4,0.000000,tool,read: ./cebelcabiz.php,0,0,
2026-04-09 15:38:23,5,0.057516,llm_call,LLM turn 3 (tool_use),18627,109,claude-sonnet-4-20250514
2026-04-09 15:38:23,6,0.000000,tool,read: ./cebelcabiz.php,0,0,
2026-04-09 15:38:26,7,0.062211,llm_call,LLM turn 4 (tool_use),20317,84,claude-sonnet-4-20250514
2026-04-09 15:38:26,8,0.000000,tool,"bash: grep -n ""mapPaymentMethods"" *.php",0,0,
2026-04-09 15:38:29,9,0.063885,llm_call,LLM turn 5 (tool_use),20830,93,claude-sonnet-4-20250514
2026-04-09 15:38:29,10,0.000000,tool,read: ./cebelcabiz.php,0,0,
2026-04-09 15:38:32,11,0.065739,llm_call,LLM turn 6 (tool_use),21448,93,claude-sonnet-4-20250514
2026-04-09 15:38:32,12,0.000000,tool,read: ./cebelcabiz.php,0,0,
2026-04-09 15:38:35,13,0.067545,llm_call,LLM turn 7 (tool_use),21965,110,claude-sonnet-4-20250514
2026-04-09 15:38:35,14,0.000000,tool,read: ./cebelcabiz.php,0,0,
2026-04-09 15:38:38,15,0.074673,llm_call,LLM turn 8 (tool_use),24416,95,claude-sonnet-4-20250514
2026-04-09 15:38:38,16,0.000000,tool,read: ./lib/invfoxapi.php,0,0,
2026-04-09 15:38:41,17,0.082191,llm_call,LLM turn 9 (tool_use),26927,94,claude-sonnet-4-20250514
2026-04-09 15:38:41,18,0.000000,tool,"bash: grep -n ""downloadPDF\|markInvoicePaid"" ./lib/invfoxapi.php",0,0,
2026-04-09 15:38:43,19,0.082740,llm_call,LLM turn 10 (tool_use),27115,93,claude-sonnet-4-20250514
2026-04-09 15:38:43,20,0.000000,tool,read: ./lib/invfoxapi.php,0,0,
2026-04-09 15:38:46,21,0.087012,llm_call,LLM turn 11 (tool_use),28539,93,claude-sonnet-4-20250514
2026-04-09 15:38:46,22,0.000000,tool,read: ./lib/invfoxapi.php,0,0,
2026-04-09 15:38:49,23,0.091299,llm_call,LLM turn 12 (tool_use),29898,107,claude-sonnet-4-20250514
2026-04-09 15:38:49,24,0.000000,tool,read: ./lib/invfoxapi.php,0,0,
2026-04-09 15:38:52,25,0.093195,llm_call,LLM turn 13 (tool_use),30570,99,claude-sonnet-4-20250514
2026-04-09 15:38:52,26,0.000000,tool,read: ./includes/class-wc-integration-cebelcabiz.php,0,0,
2026-04-09 15:38:56,27,0.103245,llm_call,LLM turn 14 (tool_use),33865,110,claude-sonnet-4-20250514
2026-04-09 15:38:56,28,0.000000,tool,"bash: grep -A 10 -B 10 ""payment_methods_map\|Payment.*method\|payment.*method"" ./includes/class-w...",0,0,
2026-04-09 15:39:02,29,0.108423,llm_call,LLM turn 15 (tool_use),35631,102,claude-sonnet-4-20250514
2026-04-09 15:39:02,30,0.000000,tool,"bash: grep -n -i ""stripe\|payment.*id\|method.*id"" ./includes/class-wc-integration-cebelcabiz.php",0,0,
2026-04-09 15:39:06,31,0.108588,llm_call,LLM turn 16 (tool_use),35756,88,claude-sonnet-4-20250514
2026-04-09 15:39:06,32,0.000000,tool,"bash: grep -n -i ""stripe\|payment.*id\|method.*id"" *.php",0,0,
2026-04-09 15:39:09,33,0.110583,llm_call,LLM turn 17 (tool_use),36411,90,claude-sonnet-4-20250514
2026-04-09 15:39:09,34,0.000000,tool,"bash: grep -n -A 10 -B 5 ""create_custom_endpoint\|rest_api"" *.php",0,0,
2026-04-09 15:39:12,35,0.117444,llm_call,LLM turn 18 (tool_use),38643,101,claude-sonnet-4-20250514
2026-04-09 15:39:13,36,0.000000,tool,"bash: grep -n ""get_payment_method\|payment_method"" ./cebelcabiz.php | head -10",0,0,
2026-04-09 15:40:00,37,0.151554,llm_call,LLM turn 19 (tool_use),39033,2297,claude-sonnet-4-20250514
2026-04-09 15:40:00,38,0.000000,tool,write: ./ANALYSIS_REPORT.md,0,0,
2026-04-09 15:40:14,39,0.131223,llm_call,LLM turn 20 (complete),41356,477,claude-sonnet-4-20250514
